bib_key,evidence_type,aim clear (0/1/2),design appropriate (0/1/2),data/context adequate (0/1/2),methods reproducible (0/1/2),analysis supported (0/1/2),limitations addressed (0/1/2),total,quality band,appraisal notes
10.1145/3711906,Narrative review,2,1,2,2,2,1,10,High,Full-text appraisal based on explicit reporting signals. Evidence source: 3711906.txt.
10599093,Simulation,1,2,1,0,1,0,5,Low,Full-text appraisal based on explicit reporting signals. Evidence source: Online full text / publisher record.
10285426,Narrative review,2,1,2,2,2,2,11,High,Full-text appraisal based on explicit reporting signals. Evidence source: A_Survey_and_Perspective_on_Industrial_Cyber-Physical_Systems_ICPS_From_ICPS_to_AI-Augmented_ICPS.txt.
9325147,Narrative review,2,1,1,2,2,2,10,High,Full-text appraisal based on explicit reporting signals. Evidence source: Internet_of_Things_for_In-Home_Health_Monitoring_Systems_Current_Advances_Challenges_and_Future_Directions.txt.
9540102,Narrative review,2,1,2,1,2,1,9,Moderate,Full-text appraisal based on explicit reporting signals. Evidence source: Cyber-Physical_-Social_Systems_for_Smart_Cities_An_Overview.txt.
9520358,Experiment,2,2,2,1,2,1,10,High,Full-text appraisal based on explicit reporting signals. Evidence source: Novel_Donation_Sharing_Mechanisms_Under_Smart_Energy_Cyber-Physical-Social_System_and_DLT_to_Contend_the_Energy_Poverty_Problem.txt.
VODYAHO2024350,Conceptual/framework,2,1,1,2,2,1,9,Moderate,Full-text appraisal based on explicit reporting signals. Evidence source: 1-s2.0-S0167739X23004326-main.txt.
10818642,Simulation,1,1,0,1,0,0,3,Low,Full-text appraisal based on explicit reporting signals. Evidence source: Online full text / publisher record.
doi:10.1177/00187208221116952,Experiment,2,2,2,1,2,0,9,Moderate,Full-text appraisal based on explicit reporting signals. Evidence source: Online full text / publisher record.
9474953,Experiment,2,2,2,2,2,2,12,High,Full-text appraisal based on explicit reporting signals. Evidence source: Who_What_Is_My_Teammate_Team_Composition_Considerations_in_HumanAI_Teaming.txt.
YUN2022101534,Case study,2,2,2,2,2,1,11,High,Full-text appraisal based on explicit reporting signals. Evidence source: 1-s2.0-S1474034622000106-main.txt.
WAR20251837,Case study,2,2,2,2,2,1,11,High,Full-text appraisal based on explicit reporting signals. Evidence source: 1-s2.0-S1877050925012414-main.txt.
SHEIKH20251845,Experiment,2,2,2,2,2,1,11,High,Full-text appraisal based on explicit reporting signals. Evidence source: 1-s2.0-S1877050925012426-main.txt.
10.1145/3524844.3528057,Conceptual/framework,2,1,2,2,2,1,10,High,Full-text appraisal based on explicit reporting signals. Evidence source: 3524844.3528057.txt.
10.1145/3539662,Conceptual/framework,2,1,2,2,2,2,11,High,Full-text appraisal based on explicit reporting signals. Evidence source: 3539662.txt.
9378521,Simulation,2,2,2,2,2,1,11,High,Full-text appraisal based on explicit reporting signals. Evidence source: Resilience_Estimation_of_Cyber-Physical_Systems_via_Quantitative_Metrics.txt.
11175202,Narrative review,2,1,2,2,2,1,10,High,Full-text appraisal based on explicit reporting signals. Evidence source: A_Survey_of_Resilient_Coordination_for_CyberPhysical_Systems_Against_Malicious_Attacks.txt.
10.3233/AIS-210492,Conceptual/framework,2,1,2,2,2,1,10,High,Full-text appraisal based on explicit reporting signals. Evidence source: Paradigms_for_the_conceptualization_of_Cyber-Physical-Social-Thinking_hyperspace_A_Thematic_Synthesis.txt.
9757168,Systematic review,2,2,2,2,2,2,12,High,Full-text appraisal based on explicit reporting signals. Evidence source: Cyber-Physical-Social_Systems_Taxonomy_Challenges_and_Opportunities.txt.
s23177391,Narrative review,2,1,2,2,2,1,10,High,Full-text appraisal based on explicit reporting signals. Evidence source: sensors-23-07391.txt.
QU2024139,Experiment,2,2,2,1,2,1,10,High,Full-text appraisal based on explicit reporting signals. Evidence source: 1-s2.0-S2405896325001703-main.txt.
Wang2024,Narrative review,2,1,2,2,2,2,11,High,Full-text appraisal based on explicit reporting signals. Evidence source: s10462-024-10861-9.txt.
9860057,Narrative review,2,1,2,2,2,1,10,High,Full-text appraisal based on explicit reporting signals. Evidence source: Advancements_in_Industrial_Cyber-Physical_Systems_An_Overview_and_Perspectives.txt.
SCHMUTZ2024101837,Experiment,1,2,2,1,2,2,10,High,Full-text appraisal based on explicit reporting signals. Evidence source: 1-s2.0-S2352250X24000502-main.txt.
VandenBosch2025,Experiment,2,2,2,2,2,2,12,High,Full-text appraisal based on explicit reporting signals. Evidence source: s43681-024-00647-8.txt.
10.1145/3613905.3650853,Experiment,2,2,2,2,2,1,11,High,Full-text appraisal based on explicit reporting signals. Evidence source: 3613905.3650853.txt.
11004836,Narrative review,2,1,2,2,2,1,10,High,Full-text appraisal based on explicit reporting signals. Evidence source: Federated_Learning_for_Cyber_Physical_Systems_A_Comprehensive_Survey.txt.
11039635,Narrative review,2,1,2,2,2,1,10,High,Full-text appraisal based on explicit reporting signals. Evidence source: Deploying_Foundation_Model_Powered_Agent_Services_A_Survey.txt.
Wang2024_Agents,Systematic review,2,2,2,2,2,1,11,High,Full-text appraisal based on explicit reporting signals. Evidence source: s11704-024-40231-1.txt.
10.1145/3555803,Conceptual/framework,2,1,2,2,2,1,10,High,Full-text appraisal based on explicit reporting signals. Evidence source: 3555803.txt.
OVIEDO2024100681,Case study,2,2,2,2,2,1,11,High,Full-text appraisal based on explicit reporting signals. Evidence source: 1-s2.0-S1574013724000650-main.txt.
10.1145/3715275.3732020,Conceptual/framework,2,1,2,2,2,1,10,High,Full-text appraisal based on explicit reporting signals. Evidence source: 3715275.3732020.txt.
10.1145/3597512.3600207,Systematic review,2,2,2,2,2,2,12,High,Full-text appraisal based on explicit reporting signals. Evidence source: 3597512.3600207.txt.
10.1145/3722573.3727831,Experiment,2,2,2,2,2,1,11,High,Full-text appraisal based on explicit reporting signals. Evidence source: 3722573.3727831.txt.
10.1145/3721437,Conceptual/framework,2,1,2,2,2,2,11,High,Full-text appraisal based on explicit reporting signals. Evidence source: 3721437.txt.
10.1145/3594638,Case study,2,2,2,2,2,1,11,High,Full-text appraisal based on explicit reporting signals. Evidence source: 3594638.txt.
9873840,Conceptual/framework,2,1,2,2,2,1,10,High,Full-text appraisal based on explicit reporting signals. Evidence source: Semiparallel_Service_Systems_in_CPSS_Theory_and_Application.txt.
QI202152,Experiment,1,2,2,2,2,1,10,High,Full-text appraisal based on explicit reporting signals. Evidence source: 1-s2.0-S0167739X21000881-main.txt.
9360827,Simulation,2,2,2,2,2,1,11,High,Full-text appraisal based on explicit reporting signals. Evidence source: A_Cloud-Based_Platform_for_Big_Data-Driven_CPS_Modeling_of_Robots.txt.
10129123,Case study,2,2,2,1,2,1,10,High,Full-text appraisal based on explicit reporting signals. Evidence source: CyberPhysicalSocial_Model_of_Community_Resilience_by_Considering_Critical_Infrastructure_Interdependencies.txt.
10.3389/fphy.2025.1613499,Experiment,2,2,2,2,2,1,11,High,Full-text appraisal based on explicit reporting signals. Evidence source: fphy-13-1613499.txt.
10764687,Conceptual/framework,1,1,1,2,2,1,8,Moderate,Full-text appraisal based on explicit reporting signals. Evidence source: A_System_Architecture_for_AI-Driven_Interactive_Systems_Within_a_CPSS_Framework_for_Metaverse_Applications.txt.
10339793,Conceptual/framework,2,1,2,1,2,1,9,Moderate,Full-text appraisal based on explicit reporting signals. Evidence source: Cyber-Syndrome_Concept_Theoretical_Characterization_and_Control_Mechanism.txt.
10.1145/3785669,Narrative review,2,1,2,2,2,2,11,High,Full-text appraisal based on explicit reporting signals. Evidence source: 3785669.txt.
11320251,Systematic review,2,2,1,1,2,1,9,Moderate,Full-text appraisal based on explicit reporting signals. Evidence source: Beyond_IoT_AGI_as_a_Transformative_Solution_for_the_Internet_of_Everything_and_Relationship_Explosion.txt.
10.1145/3639477.3639740,Dataset/benchmark,2,2,2,2,2,2,12,High,Full-text appraisal based on explicit reporting signals. Evidence source: 3639477.3639740.txt.
9664383,Experiment,2,2,2,2,2,2,12,High,Full-text appraisal based on explicit reporting signals. Evidence source: Resource_Choreography_in_Cyber-Physical-Social_Systems_Representation_Modeling_and_Execution.txt.
10143363,Experiment,2,2,2,2,2,1,11,High,Full-text appraisal based on explicit reporting signals. Evidence source: Tensor-Empowered_Federated_Learning_for_Cyber-Physical-Social_Computing_and_Communication_Systems.txt.
10.1145/3639057,Conceptual/framework,2,1,1,2,2,1,9,Moderate,Full-text appraisal based on explicit reporting signals. Evidence source: 3639057.txt.
10816522,Case study,2,2,2,2,2,1,11,High,Full-text appraisal based on explicit reporting signals. Evidence source: CyPSV_A_Vulnerability_Assessment_Metric_for_a_Cyber_Physical_System_Against_Cyber_Attacks.txt.
11003158,Simulation,2,2,2,2,2,2,12,High,Full-text appraisal based on explicit reporting signals. Evidence source: Cyber-Physical_Real-Time_Digital_Simulation_for_Cybersecurity_Analysis_in_Microgrids.txt.
9403939,Narrative review,2,1,2,2,2,1,10,High,Full-text appraisal based on explicit reporting signals. Evidence source: A_Survey_on_Edge_and_Edge-Cloud_Computing_Assisted_Cyber-Physical_Systems.txt.
10614890,Experiment,2,2,2,2,2,2,12,High,Full-text appraisal based on explicit reporting signals. Evidence source: IP2FL_Interpretation-Based_Privacy-Preserving_Federated_Learning_for_Industrial_Cyber-Physical_Systems.txt.
11072925,Conceptual/framework,2,1,1,1,2,1,8,Moderate,Full-text appraisal based on explicit reporting signals. Evidence source: Federated_Digital_Twin-Empowered_Online_Control_and_Optimization_for_Cyber-Physical_Systems.txt.
11079477,Experiment,2,2,2,1,2,0,9,Moderate,Full-text appraisal based on explicit reporting signals. Evidence source: Human_Assessment_of_AI_Errors_and_its_Impact_on_Hybrid_Teaming_for_Decision_Making.txt.
10461710,Narrative review,2,1,2,2,2,1,10,High,Full-text appraisal based on explicit reporting signals. Evidence source: Human-Centered_Trustworthy_Framework_A_HumanComputer_Interaction_Perspective.txt.
10092715,Conceptual/framework,2,1,2,1,2,2,10,High,Full-text appraisal based on explicit reporting signals. Evidence source: Architecting_Digital_Twins_Using_a_Domain-Driven_Design-Based_Approach.txt.
G202551,Systematic review,2,2,2,2,2,2,12,High,Full-text appraisal based on explicit reporting signals. Evidence source: TSP_CMES_57788.txt.
HOSSEINIBAMAKAN2025971,Conceptual/framework,2,1,2,2,2,1,10,High,Full-text appraisal based on explicit reporting signals. Evidence source: 1-s2.0-S1877050925024317-main.txt.
10339726,Simulation,2,2,1,1,2,1,9,Moderate,Full-text appraisal based on explicit reporting signals. Evidence source: Edge-Enabled_Metaverse_The_Convergence_of_Metaverse_and_Mobile_Edge_Computing.txt.
11344244,Experiment,2,2,2,2,2,1,11,High,Full-text appraisal based on explicit reporting signals. Evidence source: Agentic_AI_Decentralized_Edge-Cloud_Thermal_Orchestration_System.txt.
AbouAli2025,Systematic review,2,2,2,2,2,2,12,High,Full-text appraisal based on explicit reporting signals. Evidence source: s10462-025-11422-4.txt.
11262045,Conceptual/framework,2,1,2,2,2,1,10,High,Full-text appraisal based on explicit reporting signals. Evidence source: Advanced_Architectures_Integrated_With_Agentic_AI_for_Next-Generation_Wireless_Networks.txt.
11237089,Conceptual/framework,1,1,2,1,2,0,7,Moderate,Full-text appraisal based on explicit reporting signals. Evidence source: Online full text / publisher record.
WANG2024102321,Narrative review,2,1,2,2,2,1,10,High,Full-text appraisal based on explicit reporting signals. Evidence source: 1-s2.0-S156625352400099X-main.txt.
10.1145/3589335.3651246,Conceptual/framework,2,1,2,1,2,1,9,Moderate,Full-text appraisal based on explicit reporting signals. Evidence source: 3589335.3651246.txt.
CAO2025100749,Case study,2,2,2,2,2,1,11,High,Full-text appraisal based on explicit reporting signals. Evidence source: 1-s2.0-S1110866525001422-main.txt.
GUENDOUZI2025107675,Experiment,2,2,2,2,2,1,11,High,Full-text appraisal based on explicit reporting signals. Evidence source: 1-s2.0-S0167739X24006393-main.txt.
10.1145/3467470,Experiment,2,2,2,2,2,1,11,High,Full-text appraisal based on explicit reporting signals. Evidence source: 3467470.txt.
10876185,Systematic review,2,2,2,2,2,1,11,High,Full-text appraisal based on explicit reporting signals. Evidence source: Toward_Edge_General_Intelligence_via_Large_Language_Models_Opportunities_and_Challenges.txt.
10.1145/3477032,Case study,2,2,2,2,2,1,11,High,Full-text appraisal based on explicit reporting signals. Evidence source: 3477032.txt.
10.1145/3527451,Conceptual/framework,2,1,2,2,2,2,11,High,Full-text appraisal based on explicit reporting signals. Evidence source: 3527451.txt.
10.1145/3639571,Conceptual/framework,2,1,1,2,2,1,9,Moderate,Full-text appraisal based on explicit reporting signals. Evidence source: 3639571.txt.
10192063,Conceptual/framework,2,1,2,2,2,1,10,High,Full-text appraisal based on explicit reporting signals. Evidence source: Event-Triggered_Adaptive_Finite-Time_Control_for_Switched_Cyberphysical_Systems_With_Uncertain_Deception_Attacks.txt.
10330693,Experiment,2,2,2,2,2,1,11,High,Full-text appraisal based on explicit reporting signals. Evidence source: Cyber-Physical_Zero_Trust_Architecture_for_Industrial_Cyber-Physical_Systems.txt.
10255287,Systematic review,2,2,2,2,2,1,11,High,Full-text appraisal based on explicit reporting signals. Evidence source: Monitoring_and_Defense_of_Industrial_Cyber-Physical_Systems_Under_Typical_Attacks_From_a_Systems_and_Control_Perspective.txt.
ALALI2022466,Systematic review,2,2,2,2,2,2,12,High,Full-text appraisal based on explicit reporting signals. Evidence source: 1-s2.0-S0167739X21004234-main.txt.
10061754,Experiment,2,2,2,2,2,1,11,High,Full-text appraisal based on explicit reporting signals. Evidence source: Human-Machine_Collaboration_for_Smart_Decision_Making_Current_Trends_and_Future_Opportunities.txt.
9667242,Experiment,1,2,2,2,2,1,10,High,Full-text appraisal based on explicit reporting signals. Evidence source: A_Novel_Real-Time_Deterministic_Scheduling_Mechanism_in_Industrial_Cyber-Physical_Systems_for_Energy_Internet.txt.
9520259,Conceptual/framework,2,1,2,2,2,1,10,High,Full-text appraisal based on explicit reporting signals. Evidence source: Real-Time_Task_Scheduling_for_Machine_Perception_in_Intelligent_Cyber-Physical_Systems.txt.
11071350,Conceptual/framework,2,1,1,2,2,1,9,Moderate,Full-text appraisal based on explicit reporting signals. Evidence source: A_Novel_Integrated_Load_Redistribution_Attack_Model_to_Induce_Cascading_Failures_in_Cyber_Physical_Systems.txt.
s23104710,Narrative review,2,1,2,2,2,1,10,High,Full-text appraisal based on explicit reporting signals. Evidence source: sensors-23-04710-v2.txt.
10424976,Systematic review,2,2,2,2,2,2,12,High,Full-text appraisal based on explicit reporting signals. Evidence source: Human-Cyber-Physical_System_for_Industry_5.0_A_Review_From_a_Human-Centric_Perspective.txt.
MISHRA2023100978,Experiment,2,2,2,2,2,0,10,High,Full-text appraisal based on explicit reporting signals. Evidence source: 1-s2.0-S2542660523003013-main.txt.
10_1109_jsac_2025_3574597,Simulation,2,2,2,2,2,2,12,High,"Full-text appraisal; evidence at PDF pp. 1, 2."
10_1109_powercon60995_2024_10870554,Simulation,2,2,2,1,2,2,11,High,Full-text appraisal; evidence at PDF pp. 2.
10_1109_tits_2025_3533578,Experiment,2,2,2,2,2,2,12,High,Full-text appraisal; evidence at PDF pp. 1.
10_1109_tase_2025_3620556,Simulation,2,2,2,2,2,2,12,High,Full-text appraisal; evidence at PDF pp. 1.
10_1109_dasc62030_2024_10749379,Simulation,2,2,2,2,2,0,10,High,"Full-text appraisal; evidence at PDF pp. 1, 2, 3."
10_1109_jiot_2025_3588176,Simulation,2,2,2,2,2,2,12,High,Full-text appraisal; evidence at PDF pp. 1.
10_1109_tps_isa67132_2025_00087,Experiment,1,2,2,2,2,2,11,High,"Full-text appraisal; evidence at PDF pp. 1, 4."
10_1109_iconecct67014_2025_11469788,Simulation,1,2,2,2,2,2,11,High,Full-text appraisal; evidence at PDF pp. 1.
10_1109_istas65609_2025_11269624,Systematic review,2,2,2,2,2,2,12,High,"Full-text appraisal; evidence at PDF pp. 1, 2."
10_1109_edcc_c66476_2025_00057,Simulation,2,2,2,2,2,2,12,High,"Full-text appraisal; evidence at PDF pp. 1, 2."
10_1109_access_2024_3416999,Simulation,2,2,2,2,2,2,12,High,Full-text appraisal; evidence at PDF pp. 1.
10_1109_ecce55643_2024_10861242,Simulation,2,2,2,2,2,2,12,High,Full-text appraisal; evidence at PDF pp. 1.
10_1109_ictaacs69003_2025_11399437,Simulation,1,2,2,2,2,2,11,High,Full-text appraisal; evidence at PDF pp. 1.
10_1109_ojies_2025_3581076,Field deployment,2,2,2,2,2,2,12,High,Full-text appraisal; evidence at PDF pp. 1.
10_1109_icnc68183_2026_11416915,Experiment,2,2,2,2,2,2,12,High,Full-text appraisal; evidence at PDF pp. 1.
10_1109_jiot_2024_3434660,Experiment,2,2,2,2,2,0,10,High,"Full-text appraisal; evidence at PDF pp. 1, 3."
10_1109_jiot_2026_3651363,Experiment,2,2,2,2,2,2,12,High,"Full-text appraisal; evidence at PDF pp. 1, 4."
10_1109_tdsc_2023_3264697,Experiment,2,2,2,2,2,2,12,High,"Full-text appraisal; evidence at PDF pp. 1, 3."
10_1109_tnse_2021_3050781,Experiment,2,2,2,2,2,0,10,High,"Full-text appraisal; evidence at PDF pp. 1, 2."
10_1109_bigdata66926_2025_11402340,Case study,2,2,2,2,2,2,12,High,"Full-text appraisal; evidence at PDF pp. 1, 8."
10_1145_3643915_3644090,Case study,2,2,2,2,2,2,12,High,Full-text appraisal; evidence at PDF pp. 1.
10_1016_j_jii_2025_100962,Experiment,2,2,2,2,2,2,12,High,Full-text appraisal; evidence at PDF pp. 1.
10_1016_j_artmed_2025_103346,Field deployment,2,2,2,2,2,2,12,High,"Full-text appraisal; evidence at PDF pp. 1, 2."
10_1016_j_rcim_2023_102608,Simulation,2,2,2,2,2,2,12,High,"Full-text appraisal; evidence at PDF pp. 1, 2."
10_1016_j_cie_2023_109839,Simulation,2,2,2,2,2,2,12,High,Full-text appraisal; evidence at PDF pp. 1.
10_1016_j_apenergy_2025_125597,Field deployment,2,2,2,2,2,2,12,High,"Full-text appraisal; evidence at PDF pp. 1, 3."
10_1016_j_iot_2025_101627,Simulation,2,2,2,2,2,2,12,High,Full-text appraisal; evidence at PDF pp. 1.
10_1016_j_infsof_2025_107974,Simulation,2,2,2,2,2,2,12,High,"Full-text appraisal; evidence at PDF pp. 1, 2."
10_1007_s00170_025_17178_z,Simulation,2,2,2,2,2,2,12,High,"Full-text appraisal; evidence at PDF pp. 1, 3."
10_1007_s00170_026_17723_4,Simulation,2,2,2,2,2,2,12,High,Full-text appraisal; evidence at PDF pp. 1.
10_1186_s10033_024_01148_9,Simulation,2,2,2,2,2,2,12,High,Full-text appraisal; evidence at PDF pp. 1.
10_1186_s10033_023_00965_8,Simulation,1,2,2,2,2,2,11,High,"Full-text appraisal; evidence at PDF pp. 1, 13."
10_1007_s10922_024_09809_9,Simulation,2,2,2,2,2,2,12,High,Full-text appraisal; evidence at PDF pp. 1.
10_1186_s40537_025_01350_z,Experiment,2,2,2,2,2,2,12,High,"Full-text appraisal; evidence at PDF pp. 1, 2, 3."
10_1007_s10207_026_01257_7,Experiment,2,2,2,2,2,2,12,High,"Full-text appraisal; evidence at PDF pp. 1, 2."
10_1007_s44163_026_01072_y,Simulation,2,2,2,2,2,2,12,High,"Full-text appraisal; evidence at PDF pp. 1, 6, 8."
